sample,location,region,region2,Contig51781-2182,Contig7437-297,Contig19921-198,Contig43068-228,Contig18508-1189,Contig48434-398,Contig47323-480,Contig52170-261,Contig44754-173,Contig76320-480,Contig73761-413,Contig12238-2416,Contig75365-1536,Contig36727-1876,Contig11732-584,Contig70391-1125,Contig7209-1592,Contig75240-3293,Contig26899-4679,Contig54830-1845,Contig55280-1132,Contig28180-782,Contig75701-1296,Contig84643-228,Contig94283-521,Contig9951-1310,Contig35075-585,Contig40476-2086,Contig21109-2670,Contig87964-826,Contig17601-354,Contig43011-2013,Contig30235-2735,Contig59027-934,Contig11632-2800,Contig43353-1147,Contig28811-1509,Contig38445-1320,Contig27316-1247,Contig71144-917,Contig94535-593,Contig95759-384,Contig82221-1244,Contig41680-787,Contig17251-1035,Contig11157-581,Contig36597-373,Contig89303-853,Contig48247-1242,Contig29192-3957,Contig53440-770,Contig49627-293,Contig14467-285
Andros1-14536X65,1Andro,Bahamas,North,GG,NA,GG,AA,CA,TT,GG,CG,GG,CC,AA,AA,GA,GG,AT,CT,AA,AG,AA,AA,GG,CT,CC,AA,GG,TC,AA,GG,GG,TT,TA,AG,GG,TT,AA,CC,GA,GG,AA,NA,CC,GG,GA,AA,NA,CC,NA,NA,GG,CC,CC,GG,GG
Andros1NA-14536X74,1Andro,Bahamas,North,AG,CA,GA,AT,CC,TT,GA,CC,GG,CT,AA,AA,GA,GA,TT,NA,AA,GG,AA,AG,GG,CC,CT,AA,GA,TT,AA,GA,GG,TT,TT,AA,GG,TT,AA,CC,GA,GG,AG,NA,CT,GG,GG,AA,CC,CC,NA,TT,GG,CT,CC,GG,GG
Andros11-14536X75,1Andro,Bahamas,North,AG,CA,GG,AT,CC,TT,GG,CC,GA,CT,AG,AC,GA,GG,AA,CC,AA,AG,AG,AG,GA,TT,CT,AA,GG,TC,AA,GG,GG,TC,AA,AG,GA,TT,AA,CC,GG,GG,AA,TG,CC,GG,AA,AG,CC,CC,TT,TT,GG,TT,CC,GG,GG
Andros14-14536X78,1Andro,Bahamas,North,AG,CA,GA,AA,CA,TT,GG,CG,GG,NA,AA,AA,GG,NA,AA,TT,AA,AG,AA,AG,GA,CC,CC,AA,GA,NA,AA,GG,GG,TT,TA,AG,NA,TC,AA,CC,NA,GG,AA,TG,CC,NA,GG,AA,CC,CT,TC,TT,GG,CT,CT,GG,GG
Andros15-14536X79,1Andro,Bahamas,North,NA,AA,GA,AA,CC,TT,GA,CG,GG,CT,AA,AC,GG,GG,AT,CT,AA,AA,AG,AG,NA,CC,NA,AA,NA,NA,AA,GA,GG,TT,TT,GG,GG,TT,AA,CC,GG,GG,AA,NA,CC,GA,GA,AA,CC,CC,TC,TT,GG,CT,CC,GG,GG
Andros2-14536X66,1Andro,Bahamas,North,AA,CC,GG,AT,CC,TA,GG,CG,GA,CC,AA,AC,GA,GG,AA,TT,AA,AA,AA,AG,GG,CC,CT,AA,GA,TC,AA,GG,GG,TT,TT,GG,GG,TC,AA,CC,GA,GG,AA,TG,CC,GG,GG,AA,CC,CC,TT,TT,GG,CT,CT,GG,GG
Andros3-14536X67,1Andro,Bahamas,North,AA,CC,NA,AT,NA,TT,GA,CG,GG,NA,AA,AA,NA,NA,NA,CT,AG,AA,AG,GG,GG,CC,NA,AA,NA,NA,AA,NA,GG,TC,NA,GG,NA,TT,AA,CC,NA,GG,NA,TG,CC,NA,AA,AA,NA,CC,NA,NA,GA,TT,CC,GG,NA
Andros4-14536X68,1Andro,Bahamas,North,AG,AA,GA,AT,CC,TT,GA,CG,GG,CC,AG,CC,GA,GG,TT,TT,AA,AG,AA,AG,GA,CC,CT,AA,GG,TT,AA,GG,GA,TT,TT,AG,GG,NA,AT,CC,GA,GG,AA,GG,CC,GA,GA,AA,CC,CC,TC,TT,GA,CT,CT,GG,GG
Andros7-14536X71,1Andro,Bahamas,North,GG,AA,AA,AA,CA,TT,GG,CG,GA,CT,AA,AA,AA,GG,AA,CT,AA,AA,AG,GG,GA,CC,CC,AA,GG,TC,AG,GG,GG,TT,NA,GG,GG,TT,AT,CC,GG,GG,AA,TT,CT,GG,NA,AG,CC,CC,TC,TT,GG,TT,CC,GG,GG
Andros8-14536X72,1Andro,Bahamas,North,AG,CA,GA,AT,NA,NA,GG,CG,GA,CC,AA,NA,NA,GG,AT,CT,AA,NA,AG,AA,GA,CC,NA,NA,NA,TC,AA,GG,GA,TT,TT,AG,GA,TT,AT,CC,AA,GG,AA,TG,CC,GG,AA,GG,CC,CT,TT,TT,GG,CT,CC,GG,GG
Andros9-14536X73,1Andro,Bahamas,North,AG,CA,NA,AT,CC,TT,GG,CC,GG,CT,AA,AA,GA,GG,NA,CT,AA,AA,AA,AG,GG,CC,NA,AA,NA,NA,AA,GG,GG,TT,TA,NA,GG,TT,AA,CC,NA,GG,NA,TT,CC,GA,GA,AA,CC,CT,NA,NA,GG,TT,CC,GG,GG
Aruba18-14535X5,Aruba,Aruba,South,AA,CA,GA,TT,CC,TT,AA,CC,GG,TT,AA,AA,GG,GG,AT,CT,AA,AA,AA,AA,GA,CT,CC,AA,GA,TC,AA,GA,GA,TT,TT,AG,GG,TT,AA,CC,GA,GG,AA,TG,CC,GG,GG,AA,CC,CT,TC,TC,GG,TT,CC,GG,GG
Aruba25-14535X7,Aruba,Aruba,South,AA,CA,NA,AT,CC,TT,GG,CC,GG,CC,AA,AA,GG,NA,TT,CT,AA,AA,AG,AG,GG,TT,CC,AA,GG,TT,AA,NA,GG,TC,TT,AG,NA,TT,AA,CC,GG,GG,AA,TT,CC,GG,AA,AA,CC,CC,TT,TT,NA,CT,CC,GG,GG
Aruba1NA-14535X73,Aruba,Aruba,South,AA,CC,GA,TT,CC,TT,GA,CC,GA,CC,AA,AC,GG,GA,AA,CT,AA,AA,AG,AG,GG,CC,CC,AA,AA,NA,AA,GG,GG,TT,AA,AA,GG,TT,AA,CC,GA,GG,AA,NA,CC,GG,GA,AA,CT,CC,TT,TT,GA,CT,CT,GG,GG
Aruba12-14535X79,Aruba,Aruba,South,AA,CC,GG,AT,CC,TT,GG,CC,GG,CC,AG,AC,GG,GG,TT,TT,AA,AG,AA,AG,NA,TT,CT,AA,NA,NA,AA,GA,GA,TT,TA,NA,NA,TT,AT,CC,GA,GG,NA,NA,CC,NA,GA,AA,NA,CT,NA,NA,NA,TT,CC,NA,GT
Aruba2NA-14535X78,Aruba,Aruba,South,AA,CA,GA,AT,CC,TA,GG,CC,GG,CC,AA,AA,GG,GA,AT,TT,AG,AG,AG,AA,GG,CT,CC,AA,GA,TT,AA,GA,GG,TC,TT,AG,GG,TT,AA,CC,GG,AA,AA,TG,CC,GG,GA,AA,CC,CC,TT,TT,GA,CT,CT,GG,GG
Aruba21-14535X74,Aruba,Aruba,South,AA,CC,GG,AT,CC,TT,GG,CC,GG,CT,AG,AA,GA,GG,TT,NA,AA,AA,AA,AG,GG,CC,CC,NA,GG,CC,AG,GG,GA,TT,TT,AG,GA,TT,AA,CC,GA,GG,AA,NA,CC,GG,GG,AA,CC,CC,TT,TC,GG,CT,CT,GG,GG
Aruba24-14535X77,Aruba,Aruba,South,AA,CC,GG,AT,CC,TA,GG,CC,GG,CC,AA,AC,GA,GG,TT,TT,AG,AG,AA,AA,GG,CC,CC,AA,AA,TC,AA,GG,GG,TT,TA,GG,GG,TT,AT,CC,GG,GG,AA,TG,CC,GA,GG,GG,CC,CT,TT,TT,GA,CT,CC,GG,GG
Aruba31-14535X75,Aruba,Aruba,South,AA,CC,GA,TT,CA,TT,GG,CC,GG,CC,AG,AC,GG,GG,TT,CT,AA,AG,AA,AA,GG,CC,NA,AA,GG,TC,AA,GA,GA,TT,TT,GG,GG,TC,AT,CC,GG,GG,AA,TT,CC,GG,GG,AG,CT,CC,TT,TT,GG,CT,CT,GG,GG
Bahamas32-14535X66,2Baham,Bahamas,North,GG,AA,AA,AA,CC,TA,GA,CC,GG,CT,AA,AC,AA,GG,TT,TT,AA,AA,AA,AG,GA,CT,CC,AA,GA,TC,AA,GA,GG,TT,TT,AG,NA,TT,AT,CC,GG,GG,AA,TG,CC,GG,GA,AG,CT,TT,TT,NA,GG,CT,CT,GT,GG
Bahamas38-14535X68,2Baham,Bahamas,North,GG,AA,GG,AT,CC,TT,AA,CC,GG,CC,AG,AA,GA,GG,TT,TT,AG,AG,AA,GG,GA,CC,CC,AA,GG,TC,AA,GA,GA,TT,TT,AA,GG,TT,AA,CC,AA,GG,AA,TG,CT,GA,GA,AA,CC,CC,TT,TT,GG,TT,CT,GG,GG
Bahamas39-14535X71,2Baham,Bahamas,North,GG,AA,AA,AA,CC,TT,GG,CC,GG,CT,AA,AC,AA,GG,AT,CC,AA,AA,AA,AA,GG,CT,TT,AA,GG,TC,AG,GG,GG,TT,TA,GG,GG,TT,AA,CC,GG,GA,AA,TT,CC,GG,GG,AA,CC,CT,TT,TT,GG,CT,CT,GT,GG
Bahamas44-14535X67,2Baham,Bahamas,North,GG,NA,AA,AA,CC,TT,GG,CC,GG,CC,AG,AC,GG,GA,AT,CC,AA,AA,AA,AG,AA,CC,NA,AA,NA,TC,AG,GG,GG,TT,TT,NA,NA,TT,AA,CC,GG,GG,NA,TT,CT,GA,AA,AA,CC,CC,TC,TT,GA,CT,CT,GG,GG
BahamasCa-14535X69,2Baham,Bahamas,North,AG,CA,GA,AT,AA,TT,GG,CG,GG,CT,AA,AA,GG,NA,TT,TT,AA,AG,AA,AG,GG,CC,CC,AA,GA,TC,AA,GG,GA,TT,TT,GG,GG,TC,AA,NA,GG,GG,AA,TT,CC,GG,GA,AA,CC,CC,TC,TT,GA,CT,CC,GG,GG
BahamasCb-14535X7NA,2Baham,Bahamas,North,AA,CA,GG,AT,CC,TT,GG,CC,GA,TT,AA,CC,GG,AA,AA,TT,AA,AA,AA,AG,GA,CC,CT,NA,GG,TC,AA,GA,GG,TT,NA,GG,GG,NA,AA,CC,GG,GG,AA,TT,CC,GG,GA,AG,CC,CT,TT,TT,GG,TT,CC,GG,GG
BahamasCc-14535X72,2Baham,Bahamas,North,AG,CA,GA,AT,CA,NA,GG,CC,GG,CC,AA,AA,GA,GA,AT,CT,AA,AG,AG,AA,GG,CT,NA,AA,GA,TT,AA,GA,GG,TT,TA,AA,NA,TT,AA,CC,NA,GG,NA,TT,CC,GA,AA,AA,NA,CT,TT,TT,GG,TT,CC,GG,GG
Belize3NA-14535X59,Beliz,Beliz,Central,AA,CC,GG,AT,CC,NA,GA,CC,GG,CT,AA,AA,GA,GG,TT,CT,AA,AG,AA,AA,GA,CC,CC,NA,GA,TC,AA,NA,GG,TT,TT,AA,NA,TT,AA,CC,GG,GG,AG,NA,CC,GG,GG,AA,CC,CT,TT,TT,GG,CT,CC,GG,GG
Belize42-14535X63,Beliz,Beliz,Central,GG,AA,AA,AA,CA,TT,GG,CC,GG,CT,AA,AC,AA,GG,AT,CT,AA,AG,AA,GG,GG,CC,CC,AT,GA,TC,AA,GG,GG,TT,TT,GG,GA,TT,AT,CC,GG,GG,NA,TG,CC,GG,GG,AA,CC,CT,TC,NA,GG,NA,CC,GG,GG
Belize9-14535X58,Beliz,Beliz,Central,AG,CA,GA,AA,NA,TT,AA,CC,GG,CT,AA,CC,GA,GG,TT,CT,AG,NA,AA,AG,GA,CT,CC,AA,GA,TT,AA,GG,GG,TC,TA,GG,GA,TT,AT,CC,GG,GG,AA,TG,CC,GA,NA,AA,CC,CC,NA,NA,GG,CT,TT,GT,NA
BelizeCa-14535X61,Beliz,Beliz,Central,AG,AA,GA,AT,CC,TT,GA,CG,GG,CT,AA,CC,AA,GG,AA,NA,AA,AA,AG,AA,GG,CT,CT,AA,GA,TC,AA,GA,GA,TT,TA,AG,GA,TT,AT,CC,GG,GG,AA,TT,CC,GG,GA,AA,CC,TT,TT,TC,GG,TT,CC,GG,GG
BelizeCb-14535X62,Beliz,Beliz,Central,AA,CC,GG,TT,CC,TT,GA,CG,GA,CT,AA,AA,AA,GG,TT,CT,AA,AG,AA,AA,GG,CC,CC,AA,GA,TC,AA,GG,GG,TT,TT,AA,GA,TT,AA,CC,GG,GG,AA,TG,CC,GG,GA,AA,CC,CC,TT,TT,GG,CT,CT,GT,GG
Bimini1NA-14536X58,3Bimin,Bahamas,North,GG,AA,GA,AA,CA,TT,GG,CC,GG,CC,AA,CC,GA,GG,TT,NA,AG,AA,AG,AA,GG,CC,CC,AA,GA,TC,AG,GG,GG,TT,TT,AG,GG,TT,AA,CC,GG,GG,AA,GG,CC,GG,GG,AG,CC,CC,TT,TT,GG,CT,CT,GG,GG
Bimini12-14536X6NA,3Bimin,Bahamas,North,GG,AA,AA,AA,CC,TT,GA,CG,GG,CT,AA,AC,GA,GG,AA,CC,AA,AA,AA,AA,GA,CC,CT,AA,GA,TC,AA,GA,GG,TT,TT,AG,NA,TT,AT,CC,GA,GG,AA,TT,CT,GA,GG,AA,CC,TT,TT,TT,GG,CT,CC,GG,GG
Bimini13-14536X61,3Bimin,Bahamas,North,GG,AA,GA,AA,CA,TA,GA,CC,GG,CT,AG,AC,AA,GA,AT,TT,AA,AA,AA,AG,AA,CT,CC,NA,GA,TT,AA,GG,GG,TT,TT,GG,GA,TT,AA,CC,GG,GG,AG,GG,CC,GG,GA,AA,CT,CC,TC,TT,GG,CT,CT,GT,GG
Bimini15-14536X63,3Bimin,Bahamas,North,GG,AA,GA,AA,CC,TT,GG,CG,GG,CT,AA,AA,GA,GG,TT,NA,AG,GG,AA,GG,GG,CC,CT,AA,GG,TC,AA,GG,GG,TC,TT,GG,GG,TC,AA,NA,GG,GA,AG,TG,CC,GG,GG,AA,CC,CC,TT,TT,GG,CT,CT,GG,GG
Bimini2-14536X5NA,3Bimin,Bahamas,North,AG,CA,GG,AT,CC,TT,GG,CC,AA,CT,AA,AC,AA,GG,TT,TT,AG,AA,AA,AG,GG,CC,CT,AA,GG,TC,AA,GG,GG,TT,TA,AG,GG,TT,AA,CC,GG,GG,AA,TG,CC,GG,GG,AA,CC,CC,TT,TT,GG,CT,CC,GT,GG
Bimini3-14536X51,3Bimin,Bahamas,North,GG,AA,GA,AA,CC,TT,GG,CC,AA,CT,AA,AC,GA,GG,NA,TT,AA,AA,AA,AG,GG,CT,TT,AT,AA,TC,AA,GA,GA,TT,TT,GG,GG,TT,AA,CC,GA,GG,AA,TG,CC,GG,GG,AA,CC,CT,TT,TT,GG,NA,CC,GG,GG
Bimini4-14536X52,3Bimin,Bahamas,North,AG,CA,GA,AT,NA,TT,GG,CG,GG,TT,AA,CC,GG,GG,NA,TT,AA,AG,AA,AG,GA,CC,TT,NA,NA,CC,NA,NA,GG,TT,TA,GG,NA,TT,AA,CC,GA,GG,NA,NA,CC,GA,GA,AA,NA,NA,NA,TT,GA,CT,CT,GG,NA
Bimini5-14536X53,3Bimin,Bahamas,North,GG,AA,GA,AA,CA,NA,GG,CC,GG,NA,AA,AC,GA,GG,AT,NA,AG,AA,AG,AA,GG,CC,CC,AA,GG,TT,AA,GA,GG,TC,TT,GG,GG,TT,AA,CC,NA,GA,AA,TT,CC,GA,GA,AA,CC,CT,TC,TT,NA,CT,NA,NA,GT
Bimini6-14536X54,3Bimin,Bahamas,North,GG,AA,AA,AA,CC,TT,GG,CC,GG,CT,AA,AA,GA,GG,AT,CC,AA,AA,AA,AA,GA,CC,CC,NA,GA,TC,AG,GA,GG,TT,TA,AG,GA,TT,AA,CC,GG,GG,AA,TT,CC,GG,GA,AA,CC,CT,TT,TT,GG,TT,CC,GT,GG
Bimini7-14536X55,3Bimin,Bahamas,North,AG,CA,GA,AA,CC,TT,GG,CG,GG,TT,AA,AC,GA,GG,AT,TT,AA,AG,AA,AA,GA,CC,CT,AA,AA,TC,AA,AA,GG,TT,AA,GG,GG,TT,AA,CC,GG,GA,AA,TT,CC,GG,GA,AA,CC,CT,TC,NA,GG,TT,CC,GG,GG
Bimini8-14536X56,3Bimin,Bahamas,North,AG,CA,GG,AT,CC,TT,GG,CC,GG,CC,AA,CC,GA,GG,AT,CT,AA,NA,AG,AG,GA,CT,CT,AA,NA,TC,AA,GG,GA,TT,TT,AG,GA,TT,AA,CC,NA,GG,AG,TT,CC,GG,GA,AA,NA,CC,NA,NA,GG,CT,CC,GG,NA
Belize11-14535X26,Beliz,Beliz,Central,AA,CC,GG,TT,CC,TT,GG,CG,GA,CT,AA,AC,GG,GG,AT,CT,AA,AA,AA,AA,GG,CT,CC,AA,GG,TT,AA,GG,GA,TT,TT,AA,GG,TT,AA,CC,GG,GG,AA,NA,CC,GG,GG,AA,CC,CT,TC,TT,GG,TT,CC,GG,GT
Belize32-14535X27,Beliz,Beliz,Central,AA,CC,GG,AA,CC,TT,GG,CC,GG,CC,AG,AA,GA,GG,AT,CC,AA,AA,AA,AA,GG,CC,CC,AA,GG,NA,AA,GG,GA,TT,TA,AA,GG,TT,AT,CC,GG,GG,AA,TG,CC,GG,GG,AA,CC,CC,TT,TC,GG,CT,CC,GG,GG
Belize33-14535X28,Beliz,Beliz,Central,AA,CA,NA,AT,CC,TA,GA,CG,GG,TT,AA,AA,GA,GG,AA,TT,AA,AA,AG,AG,GA,TT,CC,NA,GG,TC,AA,GA,GG,TT,TT,AG,GG,TT,AA,CC,GG,GG,AA,TT,CT,GG,GA,AA,CC,CC,TT,TT,GG,CC,CC,GG,GG
Belize34-14535X29,Beliz,Beliz,Central,AG,CA,GG,AT,CC,TT,GA,CC,GG,CC,AG,AC,GA,GG,AT,TT,AG,AA,AA,AG,GA,CC,CC,NA,GA,TT,AA,GG,GG,TT,TT,GG,GA,TC,AA,CC,GA,GG,AA,TG,CC,GG,GA,AA,CC,CT,TT,TT,GG,CC,CC,GG,GG
Belize35-14535X3NA,Beliz,Beliz,Central,AA,CC,GA,TT,CC,TT,GA,CG,GG,CT,AA,AA,GA,GG,TT,CT,AA,AG,AA,AG,GG,CC,CT,AA,AA,NA,AA,GA,GG,TT,TT,AA,GA,NA,AA,CC,GG,GG,AG,TG,CC,AA,GA,AA,CC,CT,CC,TT,GG,NA,CT,GG,GT
Belize36-14535X31,Beliz,Beliz,Central,GG,AA,GA,AA,CC,TT,GG,CG,GG,CT,AA,AC,GG,GG,AA,TT,AA,AG,AA,AA,AA,CT,TT,NA,GA,TC,AA,NA,GG,TC,TA,AG,GG,TT,AT,CC,GG,GG,AG,TG,CC,GG,GA,AA,CC,CT,TT,TT,GG,NA,CT,GG,GG
Belize42-14535X32,Beliz,Beliz,Central,GG,AA,NA,AA,CA,NA,NA,CC,NA,CT,AA,AC,AA,NA,AT,NA,AA,AG,AA,GG,NA,CC,CC,AA,GA,TC,AA,NA,GG,TT,TT,GG,NA,TT,AT,CC,GG,GG,NA,TG,CC,NA,GG,AA,NA,CT,TC,TT,GG,CT,CC,GG,GG
Belize8-14535X25,Beliz,Beliz,Central,AG,CA,GA,AT,CA,TT,GA,CC,GG,CT,AA,AC,GA,GG,TT,CT,AA,GG,AG,AG,GG,CC,CT,AA,GG,NA,AA,GA,GG,TT,TA,AG,GA,TT,AA,CC,GG,GG,AG,TT,CC,GG,GA,AA,CC,CC,TT,TT,GG,CC,TT,GG,GG
ConchFritter1-14536X1,Conch,Market,Market,AA,NA,GG,TT,CA,NA,NA,CC,NA,CT,AA,AC,NA,NA,AT,NA,AA,NA,AG,AA,GG,CC,NA,NA,NA,TC,AA,GA,GG,TT,TT,GG,NA,TC,AA,CC,GG,GG,AA,TG,CC,GG,AA,NA,CC,CC,NA,TT,GA,CT,CC,GG,GG
ConchFritter1NA-14536X1NA,Conch,Market,Market,AA,CA,GG,TT,NA,TT,GG,CC,GG,TT,AA,AA,GA,GG,AT,NA,AG,NA,AA,AA,GA,CC,CT,AA,GG,TC,AA,GA,GA,TT,TT,GG,NA,TT,AA,CC,GG,GA,AA,TT,CC,GG,GA,AA,CC,NA,NA,NA,GG,CT,CC,GG,NA
ConchFritter11-14536X11,Conch,Market,Market,AG,CA,GG,AT,CC,TT,GG,CC,GA,CC,AA,AC,GA,GA,AT,TT,AA,AG,AA,AA,GG,TT,TT,AA,GA,TC,AA,GA,GG,TT,NA,AG,GA,TT,AA,CC,GA,GG,AA,TT,CC,GG,AA,AA,CC,CT,TT,TT,GG,TT,CC,GG,GG
ConchFritter14-14536X14,Conch,Market,Market,AG,CA,NA,AT,CC,NA,NA,CC,GA,CT,AA,NA,GA,NA,AT,CT,AA,NA,AG,AG,AA,CT,CC,AA,NA,TC,AA,AA,GG,TC,TA,AG,NA,TT,AA,CC,GG,GG,NA,TG,CC,GG,AA,NA,CC,CC,TT,NA,GG,CT,CC,GG,NA
ConchFritter18-14536X18,Conch,Market,Market,AA,CA,GG,AT,CC,TT,GG,CC,GG,CC,AA,AC,GA,NA,TT,TT,AA,NA,AA,GG,GG,CC,NA,NA,NA,TT,NA,GG,GG,TT,TT,GG,GG,TT,AT,CC,GG,GG,AA,TT,CT,GG,GA,AG,CC,CT,TT,NA,GG,TT,CC,GG,GG
ConchFritter2-14536X2,Conch,Market,Market,AG,CA,GA,AA,CC,TA,GA,CC,GA,CT,AA,CC,GG,GG,AA,CC,AA,AA,AA,AA,GA,CC,CC,AT,GA,TC,AA,GG,GG,TT,TA,AG,GA,TT,AT,CC,GA,GA,AA,TT,CC,GG,AA,AA,CC,CT,TT,TT,GG,CT,CT,GG,GT
ConchFritter26-14536X26,Conch,Market,Market,AA,CC,GG,AT,CC,TT,GG,CC,GG,CT,AA,AC,GA,GG,TT,CT,AA,AA,AA,AA,GG,CT,CC,AA,AA,TT,AA,GG,GA,CC,TA,AG,GG,TT,AT,CC,GA,GA,AA,TT,CC,GG,AA,AA,CC,CC,TC,NA,GG,TT,CC,GG,GT
ConchFritter27-14536X27,Conch,Market,Market,AA,CA,GG,AA,CC,TT,GG,CC,GG,CC,AA,CC,GG,GG,AT,TT,AA,AA,AA,AA,GG,CT,CC,AT,GA,CC,AA,GG,GA,TT,AA,AA,GG,TC,AT,CC,GG,GG,AG,GG,CC,GG,AA,AA,CC,CC,TT,TT,GG,NA,CC,GG,GG
ConchFritter3-14536X3,Conch,Market,Market,AA,CC,GG,TT,CA,TT,GA,CG,GA,TT,AG,AA,GG,GG,TT,NA,AA,NA,AA,AG,GG,CC,CT,AA,NA,TC,AA,GG,GG,TT,TT,AG,NA,TT,AT,CC,GG,GG,AA,TG,CC,AA,GA,AA,CC,CC,TT,TT,GG,CT,CT,GG,GG
ConchFritter3NA-14536X3NA,Conch,Market,Market,AG,CA,GA,AT,NA,NA,GG,CC,NA,CT,AA,AA,GG,GG,AA,TT,AA,GG,AA,GG,GG,CC,NA,NA,NA,TC,AA,NA,GG,CC,TA,NA,GG,NA,AT,CC,GA,GG,AA,TT,CC,GG,GG,AA,CC,TT,TT,NA,GG,CT,CC,GG,GG
ConchFritter31-14536X31,Conch,Market,Market,GG,AA,GA,AA,NA,TT,GG,CC,GG,TT,AA,AC,GG,GG,TT,CT,AA,AG,AA,AA,GA,CC,CT,AA,GG,CC,AA,GG,GG,TT,NA,GG,NA,TT,AA,CC,GG,GG,AG,TT,CT,GG,GG,AA,CC,CC,TT,TT,GG,TT,CT,GG,GT
ConchFritter39-14536X39,Conch,Market,Market,AG,CA,NA,AT,NA,TT,GG,CC,GG,NA,AA,AC,AA,GG,NA,CT,AA,NA,AG,AG,GA,CC,CC,AA,NA,CC,AA,GG,GG,TT,TT,AG,NA,TT,AA,CC,NA,GG,NA,NA,CC,GA,NA,AA,NA,TT,NA,NA,GG,CT,CC,NA,NA
DuckKey26-14537X74,8Duck,Florida,North,AA,CC,GG,NA,CA,TT,GG,CG,GG,CC,AA,AA,GA,GG,TT,CT,AA,AA,AA,AG,GG,CT,CT,AA,GG,NA,AA,GA,GG,TC,TA,AG,GG,TT,TT,CC,GG,GG,AA,TG,CC,GG,GG,AA,CT,CC,TT,TT,GG,CT,CC,GG,GG
DuckKey27-14537X75,8Duck,Florida,North,AA,CC,GG,AT,CC,TT,GA,CC,GG,CT,AA,CC,GG,GA,AA,TT,AA,AA,AA,AA,GG,CT,TT,AT,GG,TC,AA,GG,AA,TT,TT,AG,GG,TT,AT,CC,GG,GG,AA,TG,CC,GG,GA,AA,CC,CT,TC,TT,GG,CT,CC,GG,GG
DuckKey28-14537X76,8Duck,Florida,North,AA,CC,GG,AT,CA,TT,GG,CC,GG,CC,AA,CC,GG,GG,AT,CT,AA,AG,AA,AG,GA,CC,CT,AT,GA,TT,AG,GA,GG,TT,TA,AG,GG,TT,AA,CC,GA,GG,AG,TT,CC,GG,GA,AA,CC,CC,TT,NA,GA,CC,CC,GG,GG
DuckKey29-14537X77,8Duck,Florida,North,AG,CA,GA,AA,CC,TA,GG,CG,GG,CC,AA,AA,GA,GG,AT,CC,AA,AG,AA,AA,GG,CC,CT,NA,GA,TT,AA,GG,GG,TT,TA,AA,GG,NA,AT,CC,GG,GG,AA,TG,CT,GG,GA,AA,CC,TT,TC,TT,GG,CT,CC,GG,GG
DuckKey3NA-14537X78,8Duck,Florida,North,GG,AA,GG,AA,CC,TA,GG,CC,GG,CC,AA,NA,GA,GG,NA,TT,AA,NA,AG,AA,GG,CC,CC,AA,GG,CC,AA,NA,GG,TT,TA,GG,GG,TC,AA,CC,GG,GG,AG,TG,CC,GA,GG,AA,CC,CC,TC,TT,GG,CT,CC,GT,GG
DuckKey31-14537X79,8Duck,Florida,North,AG,CA,GA,AT,CA,TT,GG,CG,GA,CC,AA,AC,GA,GG,AT,CC,AA,AA,AA,AA,GG,CC,CT,AA,GA,NA,AA,GG,GG,TT,TT,GG,GA,TC,AA,CC,GG,GG,AA,TT,CC,GG,GG,AA,CC,CT,TT,TT,GG,CC,TT,GG,GG
DuckKey33-14537X81,8Duck,Florida,North,AG,AA,GG,AT,CC,TT,GA,CG,GG,CC,AA,AA,GG,GG,AA,CT,AA,AG,AA,AA,GG,CC,CC,AA,GG,TC,AA,GA,GG,TT,TT,GG,GG,TT,AA,CC,GA,GG,AA,TG,CC,AA,GA,AG,CC,CT,TT,TT,GG,CC,CC,GG,GG
DuckKey34-14537X82,8Duck,Florida,North,AG,CA,GA,AA,CC,TT,GG,CC,GA,CC,AA,AC,GG,GA,NA,CC,AA,AA,AA,AA,GG,CC,CC,AA,GA,TC,AA,GA,GG,TT,TT,AG,GG,TT,AT,CC,GG,GG,AA,TT,CC,AA,GA,AA,CC,CC,TC,TT,GA,CT,CC,GG,GG
DuckKey35-14537X83,8Duck,Florida,North,AA,CC,GG,TT,CC,TT,GG,CC,GG,CT,AA,AA,AA,GA,AT,TT,AA,AA,AA,AG,GG,CC,CC,AA,GA,TC,AA,GG,GA,TT,TA,AG,GG,TT,AA,CC,GA,GG,AG,NA,CC,GG,GG,AG,CC,CC,TC,TT,GG,TT,CC,GG,GG
DuckKey36-14537X84,8Duck,Florida,North,AG,AA,GG,AT,CC,TT,GG,CC,GG,CT,AA,AC,AA,GG,AT,CT,AG,AA,AA,AG,GG,CC,CC,AA,GA,TC,AA,GA,GG,TT,TT,AG,GG,TT,AA,CC,AA,GG,AA,TG,CC,GG,GA,AA,CC,CC,TT,TT,GA,CC,TT,GG,GG
DuckKey37-14537X85,8Duck,Florida,North,AG,CA,GA,AA,AA,TT,GG,CG,GG,CC,AG,AC,GA,GA,AA,TT,AA,AA,AA,AA,GG,CC,CT,AA,GG,TT,AA,GA,GG,TT,TT,GG,GG,TC,AT,CC,GA,GG,AA,TT,CT,GA,GA,AG,CC,CT,TC,TT,GG,TT,CC,GG,GT
DuckKey38-14537X86,8Duck,Florida,North,AG,CA,AA,AA,CC,TA,GG,CC,GG,CT,AA,CC,GA,GG,AT,CT,AA,AA,AA,AA,GA,CC,TT,AA,GG,TC,AA,GG,GG,TT,TT,GG,GG,TC,AA,CC,GG,GG,AA,TT,CT,GG,GG,AA,CC,CT,TT,TT,GG,CT,CC,GG,GG
DuckKey39-14537X87,8Duck,Florida,North,AG,CA,GA,AT,CC,TT,GG,CC,GG,CT,AA,AC,AA,GG,AA,CT,AA,AA,AA,AA,GA,CC,CC,NA,GG,TT,AA,GA,GA,TT,TT,AG,GG,TC,AA,CC,GG,GG,AA,TT,CC,GG,AA,AA,CT,CT,TT,NA,GG,CT,CT,GG,GG
DuckKey41-14537X89,8Duck,Florida,North,AG,CA,GA,AT,CC,TT,GG,CC,GA,CT,AA,AC,GA,GG,TT,CC,AA,AA,AA,AA,GG,CC,CT,AT,GA,TT,AA,GG,GG,TT,TT,AA,GG,TC,AA,CC,GA,GA,AA,TG,CC,GG,GA,AA,CC,CT,TC,TT,GG,CC,CC,GG,GG
DuckKey42-14537X9NA,8Duck,Florida,North,AG,CA,GA,AT,CC,TT,GG,CC,GA,TT,AA,AA,GG,GG,TT,CT,AA,AA,AA,AA,GG,CC,CT,AA,GA,NA,AA,GG,GG,TT,TT,GG,GG,TT,AA,CC,GG,GA,AA,TG,CC,AA,GA,AA,CC,CT,TT,TT,GG,CC,CT,GT,GG
DuckKey43-14537X91,8Duck,Florida,North,AA,CC,NA,TT,CC,TT,GG,CC,GG,CC,AA,AC,GG,AA,AT,CT,AG,AA,AG,AA,GG,CC,NA,AA,GA,CC,AA,GG,GG,TT,TT,GG,GG,TT,AA,CC,GA,GG,AA,TT,CC,GG,AA,AA,CC,CT,TT,TT,GG,NA,CT,GG,GG
DuckKey44-14537X92,8Duck,Florida,North,AG,AA,GA,AA,CC,TT,NA,CG,GA,CC,AG,CC,NA,GA,AT,CT,AA,NA,AA,AA,GG,CT,CC,AT,NA,TT,AA,GA,GA,TT,TT,AG,NA,TT,AA,CC,GG,GG,NA,TG,CC,GG,GA,AA,CT,CT,TT,TT,GG,CT,CT,NA,GG
DuckKey45-14537X93,8Duck,Florida,North,AG,CA,GA,AA,CC,TA,GG,CC,GG,CT,AA,AC,GG,GA,AT,CC,AA,AA,AA,AA,GG,CC,CC,NA,GA,TC,AA,GG,GG,TT,TA,AG,GA,TT,AA,NA,GA,GG,AA,TG,CC,GG,GG,AA,CC,CT,TC,TT,GG,TT,CC,GG,GG
DuckKey46-14537X94,8Duck,Florida,North,AG,AA,GA,AT,CA,TT,GG,CC,GA,CC,AA,AC,AA,GG,TT,TT,AG,GG,AA,AA,GA,CT,CC,AA,GA,TT,AA,GG,GG,TT,TT,AG,GG,TT,AA,CC,GG,GG,AG,TT,CC,GG,GA,AA,CC,CC,TC,TT,GG,TT,CT,GG,GG
DuckKey47-14537X95,8Duck,Florida,North,AA,CC,NA,TT,CC,TT,GA,CC,GG,CC,AG,CC,GA,GA,TT,CT,AA,AA,AA,AG,GG,CT,NA,AA,GA,TC,AG,GG,GG,TT,TA,AG,NA,TC,AA,CC,GG,GG,AA,TG,CC,AA,GG,AA,CC,TT,TT,TT,GG,CT,TT,GG,GG
Exuma35-14535X9,4Exuma,Bahamas,North,AG,CA,GA,TT,NA,TT,NA,CC,NA,CC,AA,AC,GA,NA,NA,CT,AA,NA,AA,AG,GG,CC,NA,AT,NA,TC,AA,NA,GA,TT,TA,NA,GA,TT,AT,CC,NA,GG,AA,TT,CC,NA,GG,NA,CC,NA,TT,NA,NA,CT,CC,GG,GG
Exuma36-14535X1NA,4Exuma,Bahamas,North,AG,AA,GA,AA,CA,AA,GG,CC,GG,CC,AA,AC,GA,GG,AA,CT,AG,AA,AA,GG,GA,CC,NA,AA,GA,TT,AA,GA,GG,TC,TT,AG,GG,TT,AT,CC,GA,GG,AA,TT,CC,GG,GA,AG,CC,TT,TC,TT,GA,CT,CC,GG,GG
Exuma37-14535X11,4Exuma,Bahamas,North,GG,AA,AA,AT,CC,TT,GA,CC,GG,CC,AA,CC,GA,GG,AT,CT,GG,AG,AA,AA,GA,CT,CT,AT,GA,TC,AG,AA,GA,TT,TA,AG,GG,TC,AA,CC,GG,GA,AA,TG,CC,GA,GG,AA,CC,CC,TC,TT,GG,CC,CC,GG,GG
Exuma39-14535X13,4Exuma,Bahamas,North,AG,CA,GA,AT,CA,TT,GG,CC,GG,CT,AA,AC,GG,GG,NA,NA,NA,NA,AG,AG,GG,CC,NA,AA,NA,NA,AA,NA,GG,TT,TT,NA,NA,TT,AT,CC,GG,GG,NA,NA,CC,GG,GA,AA,NA,NA,TT,NA,GG,TT,CC,NA,NA
Exuma4NA-14535X14,4Exuma,Bahamas,North,AG,CA,GA,AT,AA,TT,GG,CG,GG,CT,AA,AA,GG,GG,TT,TT,AA,AG,AA,AG,GG,CC,CC,AA,GA,TC,AA,GG,GA,TT,TT,GG,GG,TC,AA,CC,GG,GG,AA,TT,CC,GG,GA,AA,CC,CC,TC,TT,GA,CC,CC,GG,GG
Exuma41-14535X15,4Exuma,Bahamas,North,AA,CA,GG,AT,CC,TT,GG,CC,GA,TT,AA,CC,GG,AA,AA,TT,AA,AA,AA,AG,GA,CC,CT,AA,GG,TC,AA,GA,GG,TT,AA,GG,GG,NA,AA,CC,NA,GG,AA,TT,CC,GG,GA,AG,CC,CT,TT,TT,GG,TT,CC,GG,GG
Fkeys12-14535X41,7Flori,Florida,North,GG,AA,AA,AA,CC,TA,GG,CC,GA,CC,AA,AC,GA,AA,AT,TT,AA,GG,AA,AG,GG,CC,CC,AA,GA,TT,AA,AA,GG,TC,TT,AG,GG,TT,AA,CC,GG,GG,AA,TG,CC,GA,GA,AA,CC,CT,TT,TT,GG,CT,CC,GG,GG
Fkeys13-14535X42,7Flori,Florida,North,GG,AA,GA,AA,CA,TT,GA,CC,GG,CC,AA,AC,AA,GG,AA,CC,AA,GG,AA,GG,GA,CT,CC,AA,GA,TT,AG,NA,GA,TT,TT,AA,NA,TT,AA,CC,GG,GG,AA,NA,CC,GG,GG,AA,CT,CC,TT,TT,GG,CC,CT,GG,GT
Fkeys18-14535X47,7Flori,Florida,North,GG,AA,GA,AA,CA,TT,GA,CC,GA,CC,AA,AC,GA,GA,TT,TT,AA,AG,AG,AA,GG,CT,CC,AA,GG,TT,AA,GG,GG,TT,TA,AG,GG,TC,AT,CC,GG,GG,AA,TT,CC,GG,GA,AG,CT,CT,TT,TT,GG,CC,CT,GG,GG
Fkeys19-14535X48,7Flori,Florida,North,AA,CC,GG,TT,CC,TA,GG,CC,GA,CT,AG,AA,GA,NA,TT,NA,AA,NA,AA,AA,GG,CC,NA,AT,NA,TC,AA,NA,GG,TT,TA,AA,NA,TT,AA,CC,GG,GG,NA,TT,CC,GG,NA,NA,CT,TT,TT,NA,GG,CC,CC,GG,GG
Florida13-14535X51,7Flori,Florida,North,GG,AA,GA,AA,CA,TT,GA,CC,GG,CC,AA,AC,AA,NA,AA,NA,AA,NA,AA,GG,GA,CT,NA,NA,GA,TT,AG,GG,GA,TT,TT,NA,GG,NA,AA,CC,NA,GG,AA,TG,CC,GG,GG,AA,CT,CC,TT,NA,GG,CT,CT,GG,GT
Florida16-14535X49,7Flori,Florida,North,AA,CC,GA,TT,NA,TA,GG,CC,GG,CC,AA,AC,AA,GA,AA,NA,NA,NA,AA,AA,GG,CC,NA,NA,AA,TT,AA,GG,GG,TT,TA,AA,GA,TT,AA,CC,GA,GG,AG,TT,CC,GG,GG,AG,NA,NA,TC,TT,GG,CT,CC,GG,GG
Florida63-14535X5NA,7Flori,Florida,North,AA,CC,GG,AT,CC,TT,GG,CC,GG,CT,AA,AA,GA,NA,NA,CT,AA,AA,AA,AG,GG,CT,CT,AA,GG,TC,AA,GA,GG,TT,TA,AG,GA,TT,AA,CC,GG,GG,AA,TG,CC,GA,GG,AA,CC,CC,NA,NA,GG,CT,CT,GG,GG
Florida2-14535X53,7Flori,Florida,North,AG,AA,GA,AT,CA,TT,GG,CC,GG,CT,AG,NA,GA,GG,AT,CT,AA,AA,AA,AG,GG,CT,CT,AA,GA,CC,AA,GA,GG,TT,TA,AG,GG,TT,AT,CC,GA,GA,AA,TG,CT,GG,GG,AA,CT,CT,TT,TT,GA,CT,CC,GG,GG
Florida55-14535X52,7Flori,Florida,North,AA,CC,GA,AA,CA,TT,GG,CC,GA,CC,AG,AC,GA,GA,TT,CT,AA,AG,AG,AG,GG,CT,CT,AA,GA,CC,AA,GA,GG,TT,AA,AG,GG,TC,AA,CC,GG,GG,AA,TG,CT,GA,GA,AA,CC,CC,TT,TT,GG,CT,CC,GG,GG
FloridaCa-14535X54,7Flori,Florida,North,AA,CA,GG,AT,CC,TT,GG,CC,GG,CC,AG,CC,AA,GG,AT,TT,AG,AG,AA,AG,GA,CC,CC,AA,GG,TT,AG,GG,GG,TT,TT,GG,GA,TT,AA,CC,GG,GG,AA,TT,CC,GG,GG,AA,CC,CC,TT,TT,GA,NA,CC,GG,GG
FloridaCb-14535X55,7Flori,Florida,North,AA,CA,GA,TT,CC,TT,GG,CC,GG,CT,AA,CC,GA,NA,AT,CT,AA,AA,AA,AG,GG,CT,NA,AT,NA,TC,AA,AA,GG,TT,TT,GG,GG,TT,AA,CC,GG,GG,AG,TT,CT,GG,GA,NA,CC,CC,TC,NA,GG,CT,CT,GT,GG
Jamaica42-14535X9NA,9Littl,Jamaica,Central,AG,AA,GA,AT,CA,TT,NA,CC,NA,CT,AA,AA,GG,NA,AT,TT,NA,NA,AA,NA,GA,CC,NA,AA,NA,NA,AA,GA,GG,TT,TT,AG,GA,TT,AA,CC,NA,GG,NA,TG,CC,GG,GG,NA,NA,CT,NA,NA,NA,NA,CT,GG,GG
LittleCayman1NA-14537X58,9Littl,Jamaica,Central,AA,CC,GG,TT,CC,TT,GG,CC,GG,CT,AA,CC,GA,NA,AA,NA,NA,AG,AA,AG,GA,CT,CC,AA,GA,NA,NA,NA,GA,TC,TT,AA,GG,TT,AA,CC,GG,GG,NA,NA,CC,GG,AA,AA,NA,CC,TT,TT,GG,CC,CT,GG,GG
LittleCayman11-14537X59,9Littl,Jamaica,Central,GG,AA,AA,AA,NA,TT,GG,CC,GG,CT,AA,CC,GG,NA,TT,NA,AA,AA,AG,GG,GA,CC,CT,AA,GG,TC,AA,AA,GG,TT,TT,AG,GG,TT,TT,CC,GG,GG,AA,TG,CC,GA,GA,AA,CC,CT,TT,TT,GG,CT,CT,GG,GG
LittleCayman12-14537X6NA,9Littl,Jamaica,Central,AG,CA,GG,AT,CC,TA,GG,CC,GG,CT,AG,CC,GG,GG,AA,NA,AA,AA,AA,AA,GG,CT,CC,NA,GA,TC,AA,GG,GA,TT,TT,AG,GA,TT,AA,CC,GG,GG,AA,TG,CC,GG,AA,AA,CC,CT,TT,TT,GG,CC,CT,GG,GG
LittleCayman13-14537X61,9Littl,Jamaica,Central,GG,AA,GA,AT,NA,TT,NA,CC,GG,CC,AA,AA,GA,NA,TT,CT,AG,NA,AA,AG,GA,CC,NA,NA,GA,TT,AA,GA,GG,TC,TA,AG,NA,TT,NA,CC,GG,GG,AG,NA,CC,AA,AA,AA,CC,CT,TC,TT,GA,CT,CC,GG,GG
LittleCayman16-14537X64,9Littl,Jamaica,Central,AG,CA,GA,AA,CC,TT,GG,CC,GA,CT,AA,AC,GG,GG,AT,CC,AA,AG,AA,AA,GG,CC,CT,AA,GA,TT,AA,GG,GG,TT,TT,GG,GG,TC,AT,CC,GA,GG,AA,TT,CC,GG,GA,AA,CT,CT,TT,TT,GG,TT,CT,GG,GG
LittleCayman17-14537X65,9Littl,Jamaica,Central,AA,CC,GA,TT,CC,TT,GG,CC,AA,CT,AG,AA,GA,NA,AT,NA,AA,NA,AA,AG,NA,CT,CC,AA,NA,TT,AA,NA,NA,TC,TT,AG,NA,TT,AT,CC,GG,GG,NA,NA,CC,GG,GA,NA,CC,CC,NA,NA,GG,CT,CC,GG,GG
LittleCayman18-14537X66,9Littl,Jamaica,Central,GG,AA,GA,AA,CC,TT,GG,CC,GG,CT,AA,AA,GG,GG,NA,CT,AG,AG,AA,AA,GA,CT,CT,NA,GA,TC,AA,NA,GG,TT,TT,AG,GA,TC,AA,CC,GG,GG,AG,TG,CC,GG,GG,AA,CC,NA,TT,TT,GG,CT,CC,GG,GT
LittleCayman2NA-14537X68,9Littl,Jamaica,Central,AA,AA,GG,AT,CC,TT,NA,CC,GA,TT,AA,AA,GG,NA,TT,TT,AA,AA,AA,AG,GA,CC,NA,NA,NA,NA,AA,GG,GG,TC,TA,AG,NA,TT,AA,CC,GG,GG,NA,TG,CC,GG,NA,NA,CC,CT,NA,NA,GG,CT,CT,GG,GG
LittleCayman22-14537X7NA,9Littl,Jamaica,Central,AG,CA,GA,AT,NA,TT,GG,CC,NA,CT,AA,AC,GA,GA,NA,CT,AA,AA,AA,AG,NA,CC,NA,AA,GA,TT,AA,NA,GG,TT,AA,AA,NA,TT,AA,NA,GG,GG,NA,NA,CC,GG,NA,AA,CC,NA,CC,TT,GG,CT,TT,NA,GG
LittleCayman24-14537X72,9Littl,Jamaica,Central,AA,CA,GA,AA,CA,TA,GA,CG,GG,CT,AG,AA,GG,GA,TT,CT,AA,GG,AG,AG,GG,CT,CT,AA,GA,TT,AA,NA,GG,TT,TT,AA,GG,TT,AA,CC,GG,GG,AA,TG,CC,GA,GG,AA,CC,CT,TT,TT,GG,CT,CT,GT,GG
LittleCayman3-14537X51,9Littl,Jamaica,Central,AG,CA,GA,AA,NA,NA,GG,CC,GG,CT,AA,AA,GA,GG,TT,NA,AA,AA,AA,AA,GG,CC,CC,AA,NA,TT,AA,GA,GG,TT,TT,AG,GG,TT,AA,CC,GG,GG,AA,TG,CC,GG,GG,AA,CT,NA,TC,TT,GG,CC,CT,GG,NA
LittleCayman6-14537X54,9Littl,Jamaica,Central,AG,CA,NA,TT,CC,TT,GG,CG,GG,CT,AA,AC,GA,NA,TT,NA,AA,AA,AA,GG,GA,CC,NA,AA,NA,TT,AA,NA,GG,TT,TA,AG,NA,TC,AA,CC,NA,GG,AG,NA,CC,GG,GG,NA,CC,NA,NA,TT,GG,NA,CC,GG,GG
LittleCayman7-14537X55,9Littl,Jamaica,Central,AA,CC,GG,TT,CC,TT,GA,CC,GG,TT,AA,AC,GG,GG,AT,CC,AA,AA,AG,AA,GG,CC,CC,AA,GA,TC,AA,GG,GG,TT,TA,AA,GG,TT,AA,CC,GG,GA,NA,TT,CC,GG,GA,AA,CC,CC,TC,TT,GG,CT,CC,GG,GG
LittleCayman8-14537X56,9Littl,Jamaica,Central,AG,CA,GA,AT,CC,NA,GG,CC,GG,TT,AA,AC,GA,NA,NA,TT,AA,AA,AA,AA,GG,CC,CC,AT,NA,TC,AA,NA,GG,TT,TT,AA,GG,TT,AA,CC,GA,GG,AA,TT,CC,GG,GG,AG,CC,CT,NA,TT,GG,CT,CC,GG,GG
LittleCayman9-14537X57,9Littl,Jamaica,Central,AG,CA,GA,AT,CC,TA,GG,CC,GG,CC,AA,AC,GA,NA,TT,NA,AA,GG,AA,AG,GG,CC,CT,AT,GA,TT,AA,NA,GA,TT,TT,AG,GG,TT,AA,CC,GG,GG,AA,TT,CT,GG,GA,AA,NA,CT,TT,TT,GG,CT,CC,GT,GG
PB24-14535X17,9PB,Jamaica,Central,AG,NA,GA,AA,CC,TT,GG,CC,GG,CC,AA,AC,GA,GG,TT,TT,AA,GG,AA,AG,GA,CC,CC,AA,GG,TC,AA,GA,GG,TT,TT,AA,GA,TT,AA,CC,GA,GA,AG,TT,CC,GG,GA,AG,CT,CT,TC,TT,GA,CT,CC,TT,GT
PB26-14535X18,9PB,Jamaica,Central,AA,CA,GG,TT,CC,TT,GA,CC,GG,CC,AA,CC,AA,GG,AT,CT,AA,AA,AG,AG,GG,CT,TT,AA,GA,TC,AA,GG,GG,TT,TT,GG,GG,TT,AA,CC,GG,GG,AA,TG,CC,GG,AA,AG,CT,CT,TT,TT,GG,CC,CC,GG,GG
PB7NA-14535X19,9PB,Jamaica,Central,AG,CA,GA,AT,NA,TT,GG,CC,GG,CT,AA,AA,NA,NA,AT,TT,AA,AG,AA,GG,GA,CC,NA,NA,GG,NA,AA,NA,GA,TT,TT,AA,GG,TT,AA,CC,GA,GG,AA,GG,CC,GA,NA,AA,CT,CC,TC,NA,GG,CT,CC,GT,GG
PB71-14535X2NA,9PB,Jamaica,Central,GG,AA,AA,AA,CC,TT,GA,CC,GA,CT,AA,AC,GA,GG,TT,CC,AA,AA,AA,AA,GA,CC,CC,AA,GA,CC,AA,GA,GG,TT,TT,AG,GA,TC,AT,CC,GA,GG,AG,TT,CT,GG,GG,AA,CC,CT,TC,TT,GG,CT,CC,GG,GG
PB72-14535X21,9PB,Jamaica,Central,AG,AA,NA,AT,CA,TT,GG,CC,GA,CT,AA,AA,GG,GG,AT,TT,AA,AG,AA,AA,GA,CC,CC,AA,GG,TT,AA,GA,GG,TT,TT,AG,GA,TT,AA,CC,GA,GG,AA,TG,CC,GG,GG,AA,CC,CT,TT,NA,GG,NA,CT,GG,GG
PB73-14535X22,9PB,Jamaica,Central,GG,AA,GA,AA,CC,TT,GG,CG,GG,CC,AA,AC,AA,GG,AT,CT,AG,AA,AA,AG,GA,CC,CC,AA,GG,TT,AA,GA,GG,TT,TT,GG,AA,TT,TT,CC,GG,GG,NA,TG,CC,GA,GA,NA,CT,CT,TT,TT,GA,CT,TT,GG,GG
PB75-14535X24,9PB,Jamaica,Central,AG,CA,AA,AT,CC,TA,GG,CC,GA,CT,AA,AC,GA,NA,AT,TT,AA,AA,AA,AG,GG,CT,CC,AA,GA,TT,AA,GA,GA,TT,TT,AG,GG,NA,AA,CC,GA,GG,AA,NA,CC,GG,GG,AA,CC,TT,TT,TT,GG,NA,CC,GG,GG
PuertoRico12CM-14537X25,Puert,PuertoR,Central,AA,CC,GG,TT,CC,TT,GG,CC,GG,CT,AA,AA,GA,GG,TT,TT,AA,AG,AG,AA,GG,CC,CT,AA,GA,TT,AA,GA,GG,TT,TA,AG,AA,TT,AA,CC,GG,AA,AG,TG,CC,GG,AA,AA,CC,CC,CC,TT,GG,CT,CC,GG,GG
PuertoRico17CF-14537X46,Puert,PuertoR,Central,AA,CC,GA,TT,CC,TT,GA,CC,GA,CT,AA,AC,NA,GA,AA,NA,AG,AA,GG,AG,GA,CC,NA,AA,NA,TT,AA,GG,GG,TT,TT,AG,GG,TT,AT,CC,GG,GG,AA,NA,CC,GA,GG,AG,CC,NA,TT,NA,GG,TT,CC,GG,GG
PuertoRico19DFa-14537X28,Puert,PuertoR,Central,AG,CA,GG,AT,NA,TT,GG,CG,NA,CC,AA,CC,NA,GG,TT,NA,AA,AG,AA,AA,NA,CT,NA,AA,NA,NA,AA,GG,GG,TT,TA,GG,NA,TT,AT,CC,NA,GG,AA,TT,CC,GA,GG,AA,CC,NA,TT,NA,GG,CT,CT,NA,GG
PuertoRico21CF-14537X26,Puert,PuertoR,Central,AG,CA,GA,AT,CC,TT,GG,CC,GG,CT,AA,AC,GA,GG,NA,TT,AG,AG,AA,GG,GA,CC,CC,AA,GG,TC,AA,GG,GG,TT,TT,AG,GG,TC,AT,CC,GG,GG,AA,TT,CC,GG,GA,AA,CC,CT,TT,TT,GG,CT,CC,GG,GG
PuertoRico25CM-14537X33,Puert,PuertoR,Central,AG,CA,NA,AT,CC,TT,GA,CC,GG,CT,AA,CC,GA,GA,TT,CT,AA,AA,AA,GG,GG,TT,NA,AA,NA,TC,AA,GA,GA,TT,TA,GG,GG,TT,AA,CC,GG,GG,AG,TT,CC,GG,GG,AA,CC,TT,TT,TT,GA,CT,CT,GT,GG
PuertoRico27CM-14537X27,Puert,PuertoR,Central,AA,CC,NA,TT,CC,TT,GG,CG,GG,CT,AG,AC,GG,GA,AA,CT,AA,AA,AG,AA,GA,CC,CT,AA,GA,TT,AA,GG,GG,TT,TT,GG,GG,TT,AA,CC,GG,GG,AG,TT,CC,GG,AA,AA,CC,CC,TC,TT,GA,CT,CC,GG,GG
PuertoRico28DF-14537X48,Puert,PuertoR,Central,AA,CA,NA,TT,CC,TT,GG,CC,GA,CT,AA,AC,AA,NA,AT,NA,AA,NA,AA,AA,GA,CC,CT,NA,NA,NA,AA,GA,GG,TC,TT,AG,NA,TC,AT,CC,GA,GA,AG,TT,CC,NA,GA,NA,CC,CC,NA,NA,GG,CT,CC,GG,NA
PuertoRico31CM-14537X4NA,Puert,PuertoR,Central,NA,CA,NA,NA,CA,TT,GG,CG,GA,CC,AA,AC,NA,NA,TT,NA,AA,NA,AG,AG,GG,CT,NA,AA,NA,TC,AA,NA,NA,TT,TT,NA,GG,TT,AT,CC,GG,GG,AA,TT,CC,GG,GG,AA,CC,CC,NA,NA,GG,CT,CT,GG,GG
PuertoRico32CM-14537X31,Puert,PuertoR,Central,AA,CA,GG,AA,CC,TT,GG,CC,GA,CC,AA,AC,AA,GG,TT,CT,AA,GG,AA,AA,GG,CC,CC,AA,GG,TC,AA,GA,GG,TT,TT,AG,GG,TT,AA,CC,GG,GG,AG,TT,CC,GG,AA,AA,CC,CT,TT,NA,GG,CT,CT,GG,GG
PuertoRico33AF-14537X3NA,Puert,PuertoR,Central,AA,CA,GG,TT,NA,TT,NA,CC,GG,CT,AG,AC,NA,NA,AA,NA,AA,AA,AA,AG,GA,CC,CT,NA,NA,TC,AA,NA,GG,TT,TT,AG,GA,TT,AA,NA,NA,GG,NA,NA,CT,GG,GG,NA,CC,CT,NA,NA,GG,CT,CT,GG,GG
PuertoRico34CM-14537X29,Puert,PuertoR,Central,GG,AA,AA,AA,NA,TT,GG,CC,GG,CC,AG,AC,AA,GG,AA,TT,AA,AA,AA,AG,GG,CC,CC,AA,GA,TC,AA,GG,GA,TT,TA,GG,GG,TT,AA,CC,GA,GG,GG,TT,CC,GG,GA,AA,CC,CC,TT,TT,GA,NA,CC,GG,GT
PuertoRico37CF-14537X37,Puert,PuertoR,Central,AA,CA,NA,TT,CA,TT,GG,CC,GG,CT,AA,AC,GA,GG,NA,CC,AA,NA,AA,AG,GG,CC,CC,AA,NA,TT,AA,GA,GG,TT,TT,AG,GG,TT,AA,CC,GG,GG,AA,TG,CC,GG,NA,AA,CC,NA,NA,TT,GG,CT,CT,GG,GG
PuertoRico4NACF-14537X32,Puert,PuertoR,Central,AA,CA,GA,AT,CC,TT,GG,CC,GG,TT,AA,AC,NA,GG,AT,CT,AA,NA,AA,AG,GG,CC,CC,AA,GG,TC,AA,NA,GG,TT,TT,AG,GG,NA,AA,CC,NA,GG,AA,NA,CC,GA,GG,AA,CC,CC,NA,TT,GG,CT,CT,GG,GG
SandBoresC1NA-14537X9,6Sand ,Bahamas,North,AG,CA,GA,AT,CA,TT,AA,CG,GG,TT,AA,CC,NA,GG,TT,CT,AG,AG,AG,AA,GG,CT,TT,AA,GA,CC,AA,AA,GG,TT,TT,AA,GG,TT,AA,CC,GG,GG,AA,TT,CC,GG,GA,AA,CC,CC,TC,TT,GG,NA,CC,GG,GG
SandBoresC13-14537X4,6Sand ,Bahamas,North,GG,AA,GA,AT,CC,TT,GA,CG,GG,CC,AA,AC,GG,NA,TT,CT,AA,AG,AG,AG,GG,NA,NA,AA,GA,TT,AA,NA,GG,TT,TT,GG,GG,TC,AA,CC,GG,GG,AA,TG,CC,GG,GG,AA,NA,CC,TC,TT,GA,NA,CC,GG,GG
SandBoresC14-14537X24,6Sand ,Bahamas,North,GG,AA,GG,AA,CC,TT,GG,CC,GG,CC,AA,AC,AA,GG,AT,TT,AA,AG,AA,AG,GA,CC,CT,NA,GG,TC,AA,GG,GA,TT,TT,AA,GA,TT,AT,CC,GG,GA,AG,TG,CC,GA,GA,AA,CC,CC,TC,TT,GG,CC,CC,GG,GG
SandBoresC18-14537X17,6Sand ,Bahamas,North,AG,CA,GA,AT,CC,TT,GG,CC,GG,CC,AG,AC,GA,GA,AA,CT,AG,AG,AG,AG,GG,CC,CC,NA,AA,TC,AA,GA,GG,TT,NA,AA,GA,CC,AA,CC,GG,GG,AA,TT,CC,GG,GA,AA,CC,CT,TT,TT,GG,CT,CT,GT,GG
SandBoresC2NA-14537X3,6Sand ,Bahamas,North,AA,CC,GG,TT,CC,TT,GG,CC,GG,CC,AG,AC,GA,GA,AT,TT,GG,AA,AA,AG,GG,CT,CT,AA,GG,TC,AA,GG,GG,TT,TA,AG,GA,TT,AT,CC,GG,GG,AA,TT,CC,GG,GG,AA,CC,CC,TT,NA,GG,CT,CT,GG,GG
SandBoresC21-14537X1NA,6Sand ,Bahamas,North,AG,CA,GA,AT,CA,TT,NA,CC,NA,CT,AA,AC,GA,GG,NA,CT,AA,AG,AA,AA,GA,CT,CT,AA,GA,TT,AG,GG,GA,TT,TT,GG,GA,TT,AA,CC,GG,GG,AA,TG,CC,GG,GG,AA,CC,CT,TC,TT,NA,CT,NA,GG,GG
SandBoresC23-14537X15,6Sand ,Bahamas,North,AG,AA,GG,AA,CC,TT,GA,CC,GG,CC,AA,AA,GG,GG,AA,NA,AA,AA,AA,AA,GG,CT,CC,NA,GA,TC,AA,GA,GG,TT,TT,AG,GG,TT,AA,CC,GG,GG,AA,TG,CC,GA,GG,AA,CC,CC,TT,TT,GG,CC,CC,GG,GT
SandBoresC24-14537X6,6Sand ,Bahamas,North,GG,AA,GA,AA,CC,TA,GG,CC,GG,CT,AA,AA,GA,GA,NA,CT,AA,AA,AA,GG,GA,CC,NA,AA,GA,TC,AA,GG,GG,TC,TA,AG,GA,TT,AA,CC,AA,GG,NA,TT,CT,GG,AA,AG,CC,TT,TT,TT,GG,CT,CC,GT,GG
SandBoresC26-14537X5,6Sand ,Bahamas,North,AG,CA,GA,AA,CC,TT,GG,CC,GG,CC,AA,CC,GG,GG,AT,TT,AA,AG,GG,AA,GG,CT,CT,AA,GG,TT,AG,GA,GA,TT,TA,AG,GG,TT,AA,CC,GG,GG,AG,TG,CT,GG,AA,AG,CC,CT,TT,TT,GG,CT,CC,GG,GG
SandBoresC28-14537X12,6Sand ,Bahamas,North,GG,AA,GA,AA,CC,TT,GG,CC,GG,CT,AA,AC,GG,GG,TT,CT,AG,AA,AA,AG,GG,CC,CT,AA,GG,TC,AA,GG,GA,TT,TT,AA,GG,TT,AA,CC,GG,GG,AA,TG,CC,GG,GA,AA,CC,CC,TT,NA,GG,CT,CC,GG,GG
SandBoresC29-14537X11,6Sand ,Bahamas,North,GG,AA,AA,AA,CC,TT,GA,CG,GG,CC,AA,AC,NA,GG,TT,CT,AA,AG,AG,AA,GA,CC,CT,AA,GA,TC,AA,NA,GA,TT,TT,AG,AA,TT,AA,CC,GG,GG,AA,TG,CC,GG,GA,AA,CC,CT,TC,NA,GG,NA,CT,GG,GG
SandBoresC31-14537X13,6Sand ,Bahamas,North,AG,CA,GG,AT,CC,TT,GA,CG,GA,CT,AA,AC,GA,GG,AT,TT,AG,AG,AG,AG,GG,CC,CT,AA,GA,TC,AA,GA,GG,TT,TA,GG,GG,NA,AA,CC,GG,GG,AA,TG,CC,GG,GG,AA,CC,CT,TT,TT,GG,NA,CT,GG,GG
SandBoresC32-14537X16,6Sand ,Bahamas,North,AG,CA,GA,AT,CC,TT,GG,CC,GG,CC,AA,AA,GG,GA,TT,CT,AG,AA,AA,AA,GG,CC,CT,AA,GG,TT,AA,GG,GG,TT,TT,GG,GA,TT,AA,CC,GA,GG,AA,TT,CT,GG,GA,AA,CC,CT,TT,TT,GG,CT,CC,GG,GG
SandBoresC37-14537X14,6Sand ,Bahamas,North,AA,AA,GG,AT,CC,TT,GG,CC,AA,CT,AA,CC,AA,GG,AT,TT,AA,GG,AA,AA,GG,CC,CC,AA,GA,TC,AA,GA,GG,TT,TT,AG,GA,TT,AA,CC,GG,GG,AG,TT,CC,GA,GA,AA,CC,TT,TC,TT,GA,CC,CC,GG,GG
SandBoresC39-14537X7,6Sand ,Bahamas,North,AG,CA,GA,AT,CC,TT,GA,CC,GG,TT,AA,CC,GA,GG,NA,CT,AA,AA,AA,AA,AA,CT,CC,AA,AA,TT,AA,GG,GG,TC,TA,AA,GA,TT,AT,CC,GG,GG,AA,TG,CC,GG,GA,AA,CC,TT,TT,TT,GG,CT,CT,GG,GG
SandBoresC4NA-14537X23,6Sand ,Bahamas,North,AG,CA,GG,AT,CC,TT,GA,CC,GG,CT,AA,AA,GG,GG,TT,TT,AG,AG,AA,AA,GG,CT,CC,AA,GA,TC,AG,GA,GG,TT,TT,AG,GG,TT,AA,CC,GA,GG,AA,TG,CC,GG,GG,AA,CC,CC,TT,NA,GA,NA,CT,GG,GG
SandBoresC41-14537X21,6Sand ,Bahamas,North,GG,AA,GG,AA,CC,TT,GG,CC,GG,CT,AA,AC,GA,GG,TT,TT,AA,AG,AG,AA,GG,CT,CC,AA,GA,TC,AG,GA,GG,TT,TT,AG,GA,TT,AA,CC,GG,GG,AA,TG,CC,GG,GA,AA,CC,CT,TT,NA,GG,CT,CC,GG,GG
SandBoresC42-14537X19,6Sand ,Bahamas,North,AG,CA,GA,AA,CC,TT,GG,CC,GG,CC,AA,AC,GA,GG,TT,TT,AA,AA,AA,AG,GG,CT,CC,AA,GG,TC,AA,GA,GG,TT,TT,AG,AA,TC,AA,NA,GG,GG,AA,TG,CT,GA,AA,AA,CC,CT,TT,TT,GG,CC,CT,GG,GG
SandBoresC43-14537X22,6Sand ,Bahamas,North,GG,AA,GA,AT,CC,TT,GA,CG,GG,CC,AA,AC,GG,GG,TT,CT,AA,AG,AG,AG,GG,CC,CC,AA,GA,TT,AA,GG,GG,TT,TT,GG,GG,TC,AA,CT,GG,GG,AA,TG,CC,GG,GG,AA,CC,CC,TC,TT,GA,CC,CC,GG,GG
SandBoresC5-14537X18,6Sand ,Bahamas,North,GG,AA,AA,AA,CC,TT,GA,CC,GA,CT,AA,AA,GA,GG,AT,CT,AA,AA,AG,AG,AA,CC,TT,NA,GG,TT,AA,GG,GG,TT,TT,GG,GG,TC,AT,CC,GG,GG,AA,TT,CC,GG,GG,AA,CC,TT,TT,TT,GA,CT,CT,GG,GG
SandBoresC7-14537X8,6Sand ,Bahamas,North,GG,AA,AA,AA,CC,TT,GG,CG,NA,CT,AA,AC,GG,AA,AT,CT,AA,AA,AA,AA,GA,CC,CC,AA,GG,TC,AA,GA,GA,TT,TT,AG,GA,TT,AA,CC,GA,GG,AA,TT,CC,GG,GA,AA,CC,CT,TT,TT,GG,CT,CC,GG,GG
SandBoresC8-14537X2NA,6Sand ,Bahamas,North,AG,CA,GG,AA,CC,TT,GG,CC,GG,CT,AA,AC,GA,GG,AA,CC,AG,AG,AA,AG,GA,TT,CT,AA,GA,TC,AA,GG,GG,TT,TT,GG,GA,TT,AA,CC,GG,GG,AG,TG,CC,GA,AA,AA,CC,CC,TC,TT,GA,CC,TT,GG,GT
SandBoresC8a-14537X1,6Sand ,Bahamas,North,AG,CA,GA,AA,CC,TT,GG,CC,GG,CT,AA,AC,GA,GG,AA,CC,AG,AG,AA,AG,GA,TT,CT,AA,GA,TC,AA,NA,GG,TT,TT,GG,GA,TT,AA,CC,GG,GG,AG,TG,CC,GA,AA,AA,CC,CC,TC,TT,GA,CC,TT,GG,GT
SandBoresCa-14537X2,6Sand ,Bahamas,North,AG,CA,GA,AA,CC,TT,GG,CC,GG,CC,AA,CC,GG,GG,AT,TT,AA,AG,GG,AA,GG,CT,CT,AA,GG,TT,AG,GA,GA,TT,TA,AG,GG,TT,AA,CC,GG,GG,AG,TG,CT,GG,AA,AG,CC,CT,TT,TT,GG,CT,CC,GG,GG
SanSalvador1-14536X81,5SanSa,Bahamas,North,AG,CA,GG,AT,CC,TT,GG,CC,AA,CT,AA,AC,GA,GG,AA,CT,AA,AG,AA,GG,GG,CC,TT,AA,GG,TT,AA,GG,GA,TT,TT,AG,GA,TC,AT,CC,GG,GA,AA,TG,CT,GG,AA,AA,CC,CC,TT,TT,GG,CC,CT,GG,GG
SanSalvador1NA-14536X9NA,5SanSa,Bahamas,North,GG,AA,NA,AA,CC,TA,GG,CC,GG,CT,AA,AA,GG,GG,AT,CC,AA,AG,AA,GG,GG,CT,CC,AT,GA,TT,AA,AA,GG,TT,TT,GG,GG,TT,AA,CC,GG,GG,AA,TT,CC,GA,GA,AA,CC,CC,TC,TT,GA,CT,CC,GG,GG
SanSalvador11-14536X91,5SanSa,Bahamas,North,AG,AA,GA,AA,CA,TT,GG,CC,GG,CC,AA,AC,GG,GG,TT,TT,AA,AA,AG,AA,GG,CC,CC,AA,GG,TC,AA,GG,GA,TT,TT,AG,GG,CC,AA,CC,GG,GA,AA,TT,CC,GG,GA,AA,CC,CC,TT,TT,GG,CC,CC,GG,GG
SanSalvador12-14536X92,5SanSa,Bahamas,North,AG,CA,GA,AA,CC,TT,GG,CC,GG,TT,AG,AC,GG,GG,AT,TT,AA,AG,AA,AA,GG,CT,CC,AA,GG,TT,AA,GG,GA,TC,TA,GG,GG,TT,AA,CC,GA,GG,AA,TG,CC,GG,GA,AA,CC,CT,TT,TT,GG,NA,TT,GG,GG
SanSalvador13-14536X93,5SanSa,Bahamas,North,AG,CA,GA,AT,CC,TT,AA,CC,GG,CC,AA,CC,GG,GA,AT,CT,AA,AA,AA,AG,GG,CT,CT,AA,AA,TC,AG,GA,AA,TC,TA,AA,GG,TT,AA,CC,GA,GG,AA,TG,CC,GA,GG,AA,CC,CC,TT,TT,GG,CT,CC,GG,GG
SanSalvador15-14536X95,5SanSa,Bahamas,North,GG,AA,GA,AA,CC,TT,GG,CC,GG,CT,AA,CC,GG,GG,AA,CT,AA,AG,AA,AA,GG,CT,CT,AA,NA,TC,AA,GA,GG,TT,TT,AG,GG,TT,AT,CC,GA,GG,AA,TG,CC,GG,GA,AA,CC,CC,TC,TT,GG,TT,CC,GG,GG
SanSalvador2-14536X82,5SanSa,Bahamas,North,AG,AA,NA,AA,CC,TA,GG,CG,GG,CC,AA,CC,GA,GA,TT,TT,AA,AG,AA,AG,GG,CC,CT,AA,GA,TC,AA,GG,GG,TT,TT,GG,GG,TT,AT,CC,GG,GG,AA,TG,CC,GA,GA,AG,CC,CC,TC,TT,GA,CT,CC,GG,GG
SanSalvador3-14536X83,5SanSa,Bahamas,North,GG,AA,GA,AA,CA,TT,GA,CC,GG,CC,AA,AC,GA,GG,AT,CC,AA,AA,AA,AG,GG,CC,CT,AA,GG,TC,AA,GG,GG,TT,TT,GG,GA,TT,AA,CC,GG,GA,AA,TG,CC,GG,GG,AA,CC,CT,TT,TT,GG,CT,CC,GG,GG
SanSalvador4-14536X84,5SanSa,Bahamas,North,AA,CC,NA,AT,CC,TT,GA,CC,GG,CC,AG,AA,GG,GG,AT,CT,AA,AA,AA,AA,GG,CT,CT,AA,GA,TT,AA,AA,GG,TT,TA,AG,GG,TT,AT,CC,GG,GG,AG,TT,CC,GA,GA,AG,CC,CC,TC,TT,GG,CC,CC,GT,GG
SanSalvador5-14536X85,5SanSa,Bahamas,North,AG,CA,GG,AT,CC,TT,GG,CG,GG,CC,AA,CC,GA,GG,TT,CC,AA,AA,AG,AG,GG,CC,TT,AA,GA,TC,AA,GA,GG,TC,TA,AA,GG,TC,AA,CC,GG,GG,AA,NA,CC,GG,GA,AA,CC,CT,TT,TT,GA,TT,CC,GG,GG
SanSalvador6-14536X86,5SanSa,Bahamas,North,GG,AA,AA,AA,CC,TT,GG,CC,GG,CT,AA,AA,GA,GG,AT,CT,AA,AA,AG,AG,GG,CT,CT,AA,GA,TC,AA,GA,GG,TT,TT,GG,GA,TT,AA,CC,GA,GG,AG,TG,CC,GG,GG,AA,CC,CT,TT,TT,GG,CT,CC,GG,GG
SanSalvador7-14536X87,5SanSa,Bahamas,North,GG,AA,AA,AA,CC,TT,GA,CG,GG,CC,AA,AA,GG,GG,AT,CT,AA,AA,AA,AG,GA,CC,CC,AA,GA,TC,AA,GG,GG,TT,TA,GG,GG,TT,AT,CC,GG,GG,AA,TT,CT,GA,GA,AA,CT,CC,TT,TC,GG,CT,CC,GT,GG
SanSalvador8-14536X88,5SanSa,Bahamas,North,GG,NA,GA,NA,CA,TA,GA,NA,GG,TT,AA,AC,AA,GG,AA,CT,AA,AA,AA,AG,NA,CT,CC,NA,AA,TT,AA,GG,GG,TT,TT,GG,GG,TT,AT,CC,GG,GG,AA,TG,CC,GA,GA,AA,CC,CT,TT,TT,NA,NA,CT,GG,GG
SanSalvador9-14536X89,5SanSa,Bahamas,North,AA,CA,GG,TT,CC,TT,GG,CG,GA,CC,AA,AA,GA,GG,AT,TT,AA,AG,AA,AG,GA,CT,CC,AA,GG,TT,AA,GG,GG,TT,TT,AG,GG,TT,AA,CC,GG,GG,AA,TG,CC,GG,GG,AA,CC,CC,TT,TT,GG,CT,CT,GT,GG
St.Eustacius1NA-14535X38,StE,StEust,South,AG,CA,AA,AT,CC,TA,GG,CC,GG,CT,AA,AC,GA,GA,AT,CT,AG,AG,AA,AA,GG,CC,CT,NA,AA,TC,AA,GA,GG,TT,TA,GG,GG,TT,AA,CC,GG,GG,AA,TG,CC,GG,GG,AG,CC,CT,TT,TT,GA,TT,CC,GG,GG
St.Eustacius11-14535X39,StE,StEust,South,AG,CA,GA,AT,CA,TT,GG,CC,GG,CC,AA,AC,GA,GA,NA,CT,AA,AG,AA,AG,GG,CT,CT,AA,GA,NA,AA,GA,GG,TT,TA,AA,GG,TT,AA,CC,GG,GA,AA,TT,CC,GG,GA,AG,CC,CT,TT,TT,GG,CT,CC,GG,GG
St.Eustacius13-14535X4NA,StE,StEust,South,AA,CC,GA,TT,NA,TT,NA,CC,GG,CT,NA,NA,GA,NA,NA,CT,AG,AG,AA,AG,GG,CC,TT,AA,GG,TT,AA,NA,GA,TT,TA,AA,NA,TT,NA,CC,NA,GG,NA,NA,CT,GA,GA,AG,CC,NA,TC,TT,GG,CT,CT,GG,GG
St.Eustacius5-14535X33,StE,StEust,South,AA,CC,GG,AT,CC,TT,GA,CC,GG,CT,AA,AC,GA,GG,AT,CT,AA,AG,AA,AA,GG,CT,CT,AA,GG,TT,AA,GG,GG,TT,NA,AA,NA,TT,AA,CC,GA,GG,AA,TT,CC,GA,GG,AA,CC,CT,TC,TT,GG,CT,CC,GG,GG
St.Eustacius6-14535X34,StE,StEust,South,AA,CC,GG,AT,CA,TA,GG,CC,GG,CT,AA,AC,AA,GG,AT,CT,AA,GG,AG,AA,GA,CC,CC,AA,GG,TC,AA,GA,GG,TT,TA,AA,GA,TT,AA,CC,GG,GA,AA,TT,CC,GG,AA,AG,CC,CC,TT,TT,GG,CT,TT,GG,GG
St.Eustacius8-14535X36,StE,StEust,South,AA,CA,GG,TT,CC,TT,GG,CC,GG,CC,AA,CC,GA,GG,AT,CT,AA,AA,AA,AG,GA,CT,CC,AA,GG,TT,AG,GA,GA,TT,TT,AG,GG,NA,AA,CC,GA,GG,AA,TG,CC,GG,GG,AA,CC,CC,TT,TT,GG,CC,CC,GG,GG
St.Eustacius9-14535X37,StE,StEust,South,AA,CA,GG,TT,CC,TA,GA,CC,GG,CT,AA,AC,GA,GA,AA,CC,AA,AA,AG,AA,GG,CT,CC,AA,GA,TT,AA,GA,GA,TT,TA,AG,GG,TT,AA,CC,GG,GG,AA,TT,CC,GA,GG,AG,CC,CT,TT,TT,GG,CT,CC,GG,GG
St.Eustatius63-14535X83,StE,StEust,South,AA,CA,GA,AA,CC,TA,NA,CC,GG,CT,NA,AA,GA,NA,TT,NA,AG,NA,AA,AA,GA,CT,NA,AA,NA,TT,AG,AA,GG,TT,TT,AG,GA,TT,AA,CC,NA,GG,AA,TG,NA,GG,GG,AA,NA,CC,NA,TT,GG,CT,CC,GT,NA
St.EustatiusC1-14535X84,StE,StEust,South,AA,CC,NA,TT,CC,TT,AA,CC,GG,CC,AA,AC,GG,GG,TT,CC,AA,AA,AA,GG,GG,CC,CT,AA,GG,TT,AA,GA,GG,TT,TA,AA,GG,TT,AA,CC,GG,GG,AA,TT,CC,GG,GG,AG,CC,CC,TT,TT,GG,NA,CT,GG,GG
St.EustatiusC2-14535X85,StE,StEust,South,AA,CC,GG,TT,CC,TT,AA,CC,GG,CC,AA,AC,GG,GG,TT,NA,AA,AA,AA,NA,GG,CC,CT,AA,GG,TT,AA,GA,GG,TT,TA,AA,GG,TT,AA,CC,GG,GG,AA,TT,CC,GG,GG,AG,CC,CC,TT,NA,GG,CT,CT,GG,GG
St.EustatiusC4-14535X87,StE,StEust,South,AA,CC,GG,AT,CC,TT,GA,CC,GG,CC,AA,AA,GA,GA,TT,NA,AG,AA,AG,AA,GA,CC,CT,AA,GA,TC,AA,GA,GG,TT,TT,AG,GG,TT,AA,CC,GG,GG,AA,TT,CC,GG,GA,AA,CC,CC,TT,TT,GG,TT,CC,GG,GG